{"cameraMode":{"drawMode":0,"name":"Shaded","section":"Shading Mode"},"sceneLighting":true,"audioPlay":false,"sceneViewState":{"m_AlwaysRefresh":false,"showFog":true,"showSkybox":true,"showFlares":true,"showImageEffects":true,"showParticleSystems":true,"showVisualEffectGraphs":true,"m_FxEnabled":true},"in2DMode":false,"pivot":{"x":-15.681808471679688,"y":11.004987716674805,"z":73.92202758789063},"rotation":{"x":-0.18538762629032136,"y":0.8005447387695313,"z":-0.31311172246932986,"w":-0.47679004073143008},"size":20.81279754638672,"orthographic":false}